126.064,1.1186672609999998E7
126.0766452,1.1236542210000006E7
126.0854516,1.1617124059999999E7
126.0892903,1.0644403609999998E7
126.1019355,1.1446981889999997E7
126.1069032,1.054348079E7
126.1119032,1.1470656790000005E7
126.114,1.1245237399999997E7
126.1145806,1.112241416E7
126.1266,1.0918034249999996E7
126.1283548,1.0866165659999998E7
126.1360645,1.179321066000001E7
126.1392,1.1412042209999997E7
126.1454667,1.057516589E7
126.1498065,1.1082464319999997E7
126.1518,1.0981588900000002E7
126.1602258,1.0968939939999998E7
126.1843871,1.0927794660000004E7
126.1900333,1.0191666910000004E7
126.2085484,1.106177064E7
126.2346,1.036945887E7
126.2791667,1.1105007059999997E7
126.2898,1.1879768030000005E7
126.3266774,1.058758013E7
126.3805667,1.0567179800000003E7
126.3815484,1.0560479760000002E7
126.4364194,1.0855978170000004E7
126.4420645,1.2270641320000004E7
126.4713333,1.103660931E7
126.4912903,1.1385278119999994E7
126.4962581,1.2408328910000004E7
126.5262857,1.1905806540000003E7
126.5461613,1.1363240449999997E7
126.5522857,1.137931545E7
126.5621,1.0879823080000006E7
126.5782857,1.1788491989999996E7
126.6019032,1.140909879E7
126.6034839,1.1977381739999998E7
126.6042857,1.1188777569999998E7
126.6050645,1.0791945350000005E7
126.6066452,1.1024911919999994E7
126.6072,1.116608124E7
126.6692667,1.577999798999999E7
126.7313333,1.2209028710000003E7
126.7934,1.3285442479999997E7
126.8794839,1.4795338690000001E7
126.9835806,1.9134452630000003E7
127.0876774,9892330.970000003
127.1917742,1.1129622839999994E7
127.3009355,1.0348466509999994E7
127.4404839,1.0258258799999997E7
127.5800323,1.0101511459999997E7
127.7195806,1.1852218969999993E7
127.859129,1.2149705320000006E7
127.99525,1.2448043990000002E7
128.13,1.1360079519999998E7
128.26475,1.2061182690000001E7
128.3995,1.1448392459999993E7
128.5121935,1.1378858219999997E7
128.6160645,1.082417291E7
128.7199355,1.1019426740000002E7
128.8238065,1.1610213320000002E7
128.9107333,1.121735936E7
128.9553,1.2202018900000002E7
128.9998667,1.0937729060000006E7
129.0357097,1.1539508290000003E7
129.0432,1.160543323E7
129.0444333,1.186737373E7
129.0490323,1.1503901989999998E7
129.0623548,1.0961768949999997E7
129.0663,1.1170986969999999E7
129.0756774,1.0895330719999999E7
129.089,1.1297954070000002E7
129.0894,1.1419300800000004E7
129.1125,1.1584311800000003E7
129.1338387,1.1234004700000005E7
129.1507742,1.1116949600000001E7
129.1677097,1.0673607209999999E7
129.1846452,1.1994365559999995E7
129.2015806,1.1481270159999995E7
129.2405806,1.1625408309999999E7
129.2832581,1.1075666330000008E7
129.3259355,1.1588215279999996E7
129.3686129,1.1545800179999994E7
129.4306,1.1227972159999995E7
129.5183333,1.080928858E7
129.6060667,1.0526582100000001E7
129.6938,1.207619741E7
129.7706452,1.1232858309999999E7
129.7821613,1.1379563510000005E7
129.7936774,1.143222601E7
129.8051935,1.2348773230000002E7
129.8167097,1.2433704430000007E7
129.8268333,1.1701859799999997E7
129.8364,1.6448565929999989E7
129.8459667,1.2101440379999999E7
129.8555333,1.3747691869999995E7
129.8980645,1.4602445150000002E7
129.9845484,1.864563292000001E7
130.0710323,1.1307604090000013E7
130.1575161,1.1867981E7
130.244,1.0941610330000006E7
130.2792258,1.0744465159999996E7
130.3144516,1.0455311319999997E7
130.3496774,1.19913823E7
130.3849032,1.3115299180000005E7
130.4546207,1.3212088340000004E7
130.5502069,1.19572715E7
130.6457931,1.2234002849999998E7
130.683,1.1591876049999997E7
130.7012903,1.1648253330000006E7
130.7195806,1.1150556139999999E7
130.7196333,1.2507832199999997E7
130.737871,1.1987667900000006E7
130.7413793,1.2440363809999999E7
130.7561613,1.1866884230000002E7
130.7562667,1.136572064E7
130.7909677,1.1840408950000001E7
130.7929,1.1734437229999995E7
130.8261935,1.2107439670000006E7
130.8295333,1.2059190909999995E7
130.8381613,1.1566268599999994E7
130.8853548,1.1400082480000004E7
130.8896774,1.2499710049999997E7
130.8966452,1.1409457750000002E7
130.9325484,1.2388919470000003E7
130.9592258,1.1667142189999996E7
130.9670968,1.1414804479999995E7
130.9776667,1.1357571929999996E7
131.0103333,1.1194596240000002E7
131.0287742,1.1735468729999995E7
131.0375484,1.3419019389999999E7
131.043,1.1063984569999997E7
131.0756667,1.2029475229999999E7
131.0983226,1.1949447240000004E7
131.108,1.2075534949999997E7
131.1083333,1.1534218370000003E7
131.1173333,1.1701301489999998E7
131.1266667,1.1314827299999995E7
131.136,1.2157196709999997E7
131.1453333,1.1911808069999997E7
131.1499677,1.1424047399999999E7
131.1930968,1.1564989140000004E7
131.5279032,8693211.789999997
131.5866129,8702572.26
131.637,8490465.630000003
131.686,7571463.129999997
131.735,8535381.57
131.784,8310063.209999999
131.8242903,7760761.550000001
131.863129,8000805.3100000005
131.9019677,9321178.279999996
131.9408065,8454751.2
131.9809,8091517.559999999
132.0226667,8043683.590000002
132.0644333,7777950.180000002
132.1062,8877855.57
132.152129,8173026.519999998
132.2230323,8081243.5
132.2939355,9350927.32
132.3648387,9208271.520000003
132.4357419,8640587.159999995
132.4733333,8687870.660000002
132.4976,8660059.059999999
132.5218667,9376293.070000006
132.5461333,9267525.469999991
132.5667742,8492369.299999997
132.5825806,8071339.699999997
132.5983871,8240058.890000006
132.6141935,8860075.900000002
132.63,8286995.709999993
132.6616129,8484965.440000001
132.6764,1.050257524E7
132.6804516,1.1612710430000003E7
132.6932258,8802081.45
132.7248387,8814302.88
132.7477419,1.5548063029999994E7
132.7516667,8173327.800000001
132.7564516,8492788.640000006
132.7566667,9270881.379999999
132.7568,7529634.249999995
132.7619333,7264565.909999996
132.7633548,7735415.190000001
132.7670667,7642699.9700000025
132.8150323,7239760.630000001
132.8170968,7695974.860000007
132.8369333,1.2047353049999999E7
132.8708387,7696419.0
132.8823226,7256834.829999998
132.9172,7886261.380000001
132.9245806,8085873.939999997
132.9510645,6632844.480000002
132.9783226,8323153.509999999
133.0285161,6828285.980000004
133.1059677,6829247.430000002
133.1834194,7687770.329999999
133.260871,8219834.439999998
133.3701429,8425645.6
133.4921429,7575072.259999999
133.6141429,8177179.820000006
133.7361429,7486762.790000005
133.8492258,7379599.640000002
133.9587419,7225756.450000001
134.0682581,7299823.639999997
134.1777742,7986683.780000002
134.2784667,7753157.689999998
134.3571,8571262.979999997
134.4357333,7416960.500000002
134.5143667,8423358.779999997
134.593,8014087.869999997
134.6803871,7854063.84
134.7677742,8282892.420000002
134.8551613,9176174.240000006
134.9425484,8611928.77
135.0837333,8385625.219999998
135.2652667,8412692.889999997
135.3524608,4137920.659999999
135.4113076,3936749.28
135.4468,8848656.389999997
135.4657781,4204196.579999998
135.5195191,3311347.489999998
135.5732602,3485541.23
135.6270013,4042644.8799999994
135.6283333,8884998.129999999
135.6682247,3784309.150000001
135.7073618,3927690.400000001
135.7464988,4420850.430000001
135.7837419,8188103.6
135.7856359,4187000.1699999995
135.82725,3942957.179999999
135.8721667,3930627.4199999985
135.8738387,8201519.240000001
135.9170833,3880498.75
135.962,4174532.0
135.9639355,7870286.529999995
136.010394,3920328.6799999997
136.0540323,8528554.64
136.0796521,3894755.6499999985
136.144129,8178509.66
136.1489101,4289986.55
136.183129,8192477.739999999
136.2136129,8983211.150000002
136.2181682,4451020.43
136.2440968,7954962.080000006
136.2745806,8673110.679999996
136.2874263,4095422.1099999994
136.3145,7553627.360000005
136.3243393,4138103.28
136.3483143,4287891.079999999
136.367,7496404.039999997
136.3722893,4390640.889999999
136.3962643,4480584.030000001
136.4179827,3993499.499999998
136.4195,7539955.940000001
136.4366924,3904130.34
136.4554021,3926394.949999999
136.4618065,8709907.57
136.4666667,8065944.979999998
136.472,8645351.199999994
136.4741118,4098546.2100000004
136.475129,8631340.840000002
136.4788,1.1909088260000002E7
136.4884516,8236484.959999999
136.4909333,8912367.67
136.4928214,3948121.05
136.5017742,8173285.78
136.5030667,1.0158531949999996E7
136.5150968,7801248.000000005
136.5249182,3987643.3999999994
136.5255714,4615516.71
136.5292811,5192768.749999998
136.5335161,1.1178418180000005E7
136.557015,3869798.2299999995
136.5883871,1.4434940389999999E7
136.5891118,3931307.570000001
136.597273,6819843.6599999955
136.6075714,4097457.1300000018
136.6212085,3799355.189999999
136.6277321,3597329.8100000005
136.6297571,3220585.21
136.6317821,3257851.7399999998
136.6338071,3379708.04
136.6401935,3481166.650000001
136.6432581,8030082.070000006
136.665265,2791557.3300000015
136.688871,3482639.6299999994
136.6895714,5974279.990000001
136.698129,7558096.889999999
136.7332569,3091403.929999999
136.7375484,3572519.090000001
136.753,6775227.460000001
136.7715714,3537532.5300000007
136.7862258,3536653.2999999993
136.803477,3027514.919999998
136.8349032,3742623.5800000024
136.8564194,7063315.5600000005
136.8870657,3031932.990000001
136.9598387,6652224.319999996
136.9706544,2853770.48
137.0542431,3321738.82
137.0632581,7842354.91
137.1378318,3504689.269999999
137.1666774,8677866.509999998
137.2511849,3550635.929999999
137.2583103,8332022.219999997
137.3411034,7853658.590000004
137.3764439,3441310.400000001
137.4238966,7818470.67
137.5017028,3503932.3599999985
137.5066897,8094945.429999999
137.5843871,7703093.489999998
137.6269617,3388448.389999999
137.6552903,7685443.79
137.7261935,7684409.24
137.7398929,3351629.150000001
137.7970968,9504563.330000002
137.8478929,3250363.5700000008
137.868,7707638.789999997
137.9230667,7658015.98
137.9558929,3343077.59
137.9781333,7531171.629999997
138.0332,8101683.819999998
138.0638929,3472243.2800000003
138.0882667,8320138.3500000015
138.1065806,8064279.23
138.1101935,8836630.390000002
138.1138065,8806454.43
138.1174194,8826011.25
138.1295333,8602077.549999993
138.1437742,8548043.52
138.1629,8864235.639999999
138.1646952,3530889.8500000015
138.1735806,8506247.009999998
138.1857097,8365637.390000002
138.1962667,8577319.899999999
138.2033871,7836184.250000002
138.2296333,9526065.18
138.2331935,8244057.570000002
138.2475036,3916215.7199999993
138.263,8285967.429999998
138.2814516,8885701.37
138.3303119,3380032.500000001
138.3771935,8778635.209999999
138.4131202,3624299.199999999
138.4729355,8783086.170000006
138.4959286,3591260.0100000002
138.5673,7743559.379999997
138.587106,3472414.9500000016
138.6534,7792838.3100000005
138.6782834,3693000.1100000013
138.7281613,8077599.69
138.7395,7847366.650000002
138.7694608,4134344.770000001
138.8256,8640305.720000004
138.8336129,7954690.2399999965
138.8606382,3733913.4099999997
138.9117,8348814.499999998
139.0028333,3685789.560000001
139.1832917,3673436.9199999976
139.36375,3901929.4899999993
139.5442083,3844823.7700000014
139.7006325,3537954.860000001
139.7969712,3539751.669999999
139.8933099,3460658.0199999996
139.9896486,3557343.1999999997
140.0859873,3570129.0499999984
140.1289205,3575198.500000001
140.1629528,4113253.3400000012
140.196985,3237966.840000001
140.2310173,3838346.0199999977
140.2735,3289986.660000001
140.32725,3211845.88
140.381,3302617.3699999982
140.4111613,3733044.6899999995
140.4127857,3552282.9800000004
140.4217857,5774080.6
140.4279758,3381153.6399999997
140.4307857,3878151.910000002
140.43475,3457413.4699999997
140.4397857,4272598.410000002
140.4447903,3618545.579999999
140.4616048,3482487.0599999996
140.4700795,4774328.839999995
140.4784194,3399849.0799999987
140.528765,6152429.450000003
140.5874505,3537916.2900000005
140.6461359,3102353.6900000004
140.7048214,2972971.8099999996
140.8086118,3109008.5300000003
140.9124021,2638717.079999999
141.0161924,3269634.8
141.1199827,3535832.56
141.2140357,3435539.3600000003
141.3007857,3366590.0799999987
141.3875357,3250760.8399999994
141.4742857,3394821.769999999
141.55478,3395809.9000000004
141.6269332,3374284.8400000017
141.6990864,3325789.760000002
141.7712396,3956796.46
141.8433929,3378156.8699999987
141.9015262,3435002.579999999
141.9596595,3209251.2300000004
142.0177929,3446508.3599999994
142.0759262,3474558.5699999994
142.0970115,3512967.5199999996
142.1032776,3688371.280000001
142.1095438,3935691.49
142.1158099,3699305.69
142.1292548,3683009.1599999988
142.1606464,3862030.0899999994
142.1705634,3582718.849999999
142.1916279,3579285.0299999993
142.1920381,3788570.510000001
142.2126924,3359645.0699999994
142.2157385,3604592.3199999994
142.2234298,4145490.7
142.2337569,3564107.7699999986
142.2548214,3553014.3899999983
142.3105933,3736624.8299999996
142.4054482,3685485.2600000026
142.500303,3822417.3799999994
142.5938833,3259222.420000001
142.6798167,3251401.2199999997
142.7624113,3662608.0300000017
142.76575,3331266.9999999995
142.8516833,3467768.6399999997
142.8633629,3427686.860000001
142.9376167,3537764.269999999
181.6468154,3182307.2800000007
181.6612792,2887953.329999999
181.6620359,2819620.69
181.6772564,2887924.01
181.6924769,2904010.5699999994
181.7596377,3092563.9799999995
181.8538486,2856075.3499999996
181.8657537,3372866.4699999993
181.8711898,3514159.460000001
181.9718697,2832959.6500000004
181.982317,2361207.4800000004
182.0347816,3045820.74
182.0464181,3028250.590000001
182.0774691,2837483.28
182.0779857,2840038.7900000005
182.1201566,3015495.97
182.1628441,2921722.4800000004
182.2389876,3201150.090000001
182.2569603,3023271.1299999994
182.2604411,2853996.26
182.3187801,3134936.26
182.3509895,2758756.5
182.3806,3038479.0600000005
182.4315571,3044268.8099999996
182.4415378,2771702.55
182.4424199,3063776.090000001
182.517732,3886144.259999999
182.5320862,2966330.8200000008
182.54459,5501548.479999999
182.5519538,3602883.599999999
182.5714479,2302872.66
182.598178,2913227.9799999995
182.5983058,2545000.4499999993
182.6042922,2972708.36
182.6104063,2742076.3999999994
182.6165205,2765706.6000000006
182.622509,2670527.43
182.6226346,2775247.0199999996
182.6585782,2353114.8499999996
182.6676154,3137734.5300000003
182.6696737,2558119.7100000004
182.7168385,2545711.4199999995
182.7640032,2837445.3
182.7832769,4104209.8699999982
182.8106203,2647425.9299999992
182.8558685,2667520.46
182.8989385,2692450.4299999992
182.9011166,2717628.099999999
182.9193368,2387474.1999999997
182.9463648,2842431.5299999993
182.9916129,2857837.99
183.1800955,2230925.96
183.4408542,2755334.2
183.7016129,2746861.03
183.9371353,2821285.08
184.1625632,2609425.66
184.3879911,2803095.9699999997
184.613419,2645119.4000000004
184.809719,2666056.19
184.9943679,2599188.4799999995
185.1790167,2581536.3099999996
185.3636656,2787981.59
185.5339821,2740230.88
185.6486923,2946841.17
185.6684673,3070091.8299999996
185.6719333,2893237.0100000002
185.7545,2957322.9200000004
185.7919609,2832385.3000000003
185.8029526,2717179.2499999995
185.8603077,2898347.4899999998
185.9119885,2866163.4399999995
185.9374378,2905750.5700000003
185.9661154,2687131.4699999997
186.032016,2832119.1700000004
186.0719231,2798219.4
186.1399808,2701979.96
186.2177885,2623696.13
186.2955962,2575701.9799999995
186.3734038,2832017.6100000003
186.4512115,2652954.71
186.5093071,2609236.71
186.5641172,3107449.63
186.6189274,2477373.8600000003
186.6737376,2948872.46
186.8024,2576005.4499999997
187.0295321,2585662.0600000005
187.2566641,2508975.63
187.4837962,2832243.81
187.6917481,2611817.7399999993
187.7846197,2780690.9899999998
187.8774913,2838540.6900000004
187.9703629,3007485.9299999997
188.0632345,2890159.4699999997
188.1983654,2742964.49
188.3504,3856024.7500000005
188.5024346,3018780.38
188.6544692,3427736.6
188.7979349,3673268.77
188.9299752,4891026.9799999995
189.0620155,2783552.5199999996
189.1940558,2573226.01
189.3260962,2372863.8000000003
189.3816974,3148284.1100000003
189.4000734,3443441.659999999
189.4185259,3374448.7200000007
189.4214733,2489505.5300000003
189.422658,3479782.090000001
189.4452425,3374481.6400000006
189.4533931,3399243.09
189.4642725,3195371.6599999997
189.467827,3137549.840000001
189.4882603,3647480.620000001
189.4904116,2970198.0499999993
189.5168505,2219443.91
189.5231276,3461048.9300000016
189.5312483,3108066.8500000015
189.5340998,3111223.0399999996
189.575127,2887959.2799999993
189.6018023,2984514.2400000007
189.6122277,2634741.3099999996
189.6125456,3443710.659999999
189.6190057,2914797.7300000004
189.6628845,2968692.6600000006
189.6695049,3065725.63
189.6901012,3086394.67
189.7048215,3352208.1600000006
189.7076048,2880913.36
189.7195417,3089126.840000001
189.734262,3145137.0500000007
189.7372075,3043162.9199999995
189.774698,3460363.37
189.8424834,2879404.7399999998
189.9368504,3442668.020000002
190.0069881,2628100.9400000004
190.0990028,3713475.429999998
190.1714927,2708801.0
190.2611552,3585895.5799999996
190.2948237,3647596.38
190.3284922,3448952.42
190.3359973,2797808.1800000006
190.3621607,3394140.9499999993
190.3958293,3274595.5500000007
190.4618964,2729380.7300000004
190.4688287,3166591.319999999
190.5363213,2685283.0799999996
190.5713264,3177713.0300000003
190.6107463,2682287.0700000003
190.6738241,3083282.180000001
190.6851712,3275501.6899999995
190.7595962,2694880.29
190.7763218,3170659.76
190.8138013,2652348.1799999997
190.8623087,3146145.9699999997
190.8680064,2495601.83
190.9070184,3271856.429999999
190.9222115,2731654.9700000007
190.951728,3220508.73
190.9741069,3982064.5700000003
190.9764167,2758018.42
190.9931437,3486080.5200000005
190.9964377,3154352.159999999
190.9964479,2733075.4499999993
191.0028096,2848610.78
191.0091712,2886630.1199999996
191.0121805,4988344.459999999
191.0155329,2894748.8800000004
191.0299731,2727231.86
191.0303376,4550721.600000001
191.0312172,3264048.21
191.0411474,3277562.3899999997
191.0646096,2482798.04
191.0992462,2365202.73
191.1338827,2705490.0500000003
191.1430189,6224055.439999996
191.1626135,2381607.3500000006
191.16409,2382615.9699999997
191.1655664,2191186.24
191.1670428,2290863.8100000005
191.1685192,2294239.4300000006
191.2284919,2382930.23
191.2557002,3262143.459999999
191.3448865,2340073.59
191.3683815,3434722.6000000006
191.461281,2347640.06
191.4784939,3098566.1599999997
191.5731924,3150802.299999999
191.5776756,2671024.9999999995
191.667891,2995018.94
191.69985,2257032.4899999998
191.7625895,3287169.2199999983
191.8567038,2288438.66
191.8572881,3301070.5799999996
191.9178331,3450495.4800000014
191.9647167,3176362.0799999996
192.0116004,3372312.7800000003
192.0135577,2235686.15
192.058484,3277015.99
192.1237981,3348657.9400000004
192.1704115,2421047.23
192.1964844,3233638.6399999997
192.2691707,3203412.28
192.3088989,2464639.05
192.3272654,2374049.97
192.3308542,2308400.2500000005
192.3418571,3249056.37
192.4225954,3164725.5899999994
192.5234638,3350279.550000001
192.6243322,3074865.64
192.7252006,3257568.1500000004
192.826069,3232689.500000001
192.831317,3249695.2599999993
192.8365651,3355687.3699999996
192.8418131,3538717.63
192.8470612,3773483.4600000014
192.9034759,3673720.8
192.9982655,3617400.499999999
193.0930552,3846274.84
193.1878448,3845535.6999999993
193.3125484,3619616.9400000004
193.5120367,3748307.5900000003
193.711525,3654083.29
193.9110133,3892302.0
194.1105017,3798040.549999999
194.2500634,3834064.7699999996
194.3796374,3699788.0999999996
194.5092113,3609127.4499999993
194.6387853,3596954.060000001
194.7419707,3437581.1799999997
194.8099713,3330201.8600000003
194.8779718,3188519.159999999
194.9459724,3436124.079999999
195.0261012,3422750.730000001
195.1789994,3484998.619999999
195.3318977,3493112.7100000014
195.4847959,3595909.1000000006
195.6376941,3554429.13
195.7184713,3431949.769999998
195.7704,5252680.28
195.8223287,3594610.83
195.8742575,4193052.67
195.9841685,4638110.32
196.1713893,6233656.869999999
196.3586101,3848158.389999999
196.5458309,3585784.589999999
196.7330517,3308761.1900000004
196.7796652,3248699.8800000004
196.8262786,3126280.5799999996
196.8728921,3422010.33
196.9195056,3405495.160000001
196.9432711,3689241.7199999993
196.9499007,3415499.8199999994
196.9565303,3408393.37
196.9631599,3443470.9000000004
197.0457208,3529669.2400000007
197.2295234,3471488.019999999
197.4133259,3416527.6699999995
197.5481609,3480588.58
197.5553137,3470988.920000001
197.5886046,3708069.5500000017
197.5971285,3854899.3700000006
197.6063534,3439313.7699999996
197.6218954,3663256.099999999
197.6551863,3929288.92
197.664546,3242185.9900000007
197.692292,3856331.9399999995
197.7227385,3235782.559999999
197.7389345,3852377.6799999992
197.780931,3463016.1399999997
197.785577,3808309.5100000026
197.8322195,4117890.999999999
197.8788621,3736934.6799999997
197.9290378,3766648.4899999993
197.9792136,3715328.7600000002
198.0293893,3888134.2199999997
198.0795651,3961978.2800000003
198.0950484,3653844.8999999985
198.0967341,3682801.26
198.0984199,3897523.4799999995
198.1001057,3986243.42
198.1267184,3530667.0799999987
198.358523,3476513.77
198.5903276,3460192.65
198.8221322,3580048.4300000006
199.0539368,3581507.4000000004
199.1481963,3619113.1000000015
199.2195317,3507835.3
202.3705092,690851.5900000001
202.3792571,691498.6000000001
202.4312238,630740.11
202.4831905,638957.3499999999
202.5351571,675282.2
202.6210737,672062.0799999998
202.6594654,693058.3400000001
202.83803,650102.8
202.8716382,630315.7599999999
203.0165945,623097.93
203.0538548,696844.36
203.060919,718748.33
203.0642742,647029.2799999999
203.1222028,682012.53
203.1641524,667353.79
203.1750161,649035.5499999999
203.195159,668098.49
203.2010968,682918.9900000001
203.2479796,658997.5499999999
203.2673857,625196.1399999999
203.2798724,618702.7899999999
203.2961774,622112.23
203.3117653,658600.05
203.3436582,645386.9400000001
203.370619,700009.7699999999
203.3727673,684023.95
203.3996521,615761.7699999999
203.4086682,656637.63
203.4173387,698536.06
203.4176843,534740.3
203.4214677,722120.04
203.4267005,611796.61
203.4475786,598679.0200000001
203.4499286,725043.0399999999
203.4507258,689326.91
203.4799839,655284.69
203.4840645,614940.0700000001
203.5092419,712869.09
203.5216786,650263.95
203.5385,713479.9099999999
203.5714286,557543.62
203.5934286,657108.77
203.6101784,2861671.35
203.6133915,2731285.5699999994
203.6503685,2625977.23
203.6651786,713332.5399999999
203.6905586,2573394.1399999997
203.6952786,633520.3400000001
203.7299032,699852.6799999998
203.7307486,2701096.1900000004
203.7770645,680943.0299999998
203.8191286,589467.3499999999
203.8242258,610076.3200000001
203.8315161,601004.7900000002
203.8488134,2720444.2299999995
203.8713871,605960.2000000001
203.8770235,2597850.12
203.9185484,595421.23
204.0252842,3227881.589999999
204.1406556,2858427.4899999998
204.1789677,562558.27
204.201755,2591430.5500000003
204.2471935,3078627.099999999
204.3571656,2758850.000000001
204.3625658,2826876.9800000004
204.3782258,2611644.269999999
204.3857472,2692471.92
204.4042877,2967774.79
204.4321004,2837810.43
204.4630869,2526710.5199999996
204.4650559,2903084.6399999997
204.4812188,2565826.83
204.4940734,2784963.78
204.5250598,2671594.83
204.5264194,651521.77
204.5675459,2710705.01
204.605272,2638020.9299999992
204.6321194,3866900.7600000002
204.6376731,5062078.620000002
204.6432267,2422830.33
204.6487803,2401825.58
204.6679198,2837652.9899999998
204.670036,2872348.57
204.6877378,3716851.2600000002
204.7026042,2456705.84
204.7266827,2670766.74
204.7293252,2609641.8100000005
204.7513279,2577349.66
204.7583566,2807261.49
204.7900305,2657831.5200000005
204.8182126,2397506.9800000004
204.8217044,2699874.3700000006
204.8249189,3301624.1299999994
204.8533784,2757094.840000001
204.873871,635650.9800000001
204.8850973,2592359.3500000006
204.951982,2734673.1299999994
204.9621,3926874.6500000004
205.0137637,2566771.1100000003
205.0460497,2349899.2300000004
205.0627881,2555599.46
205.0992811,2823115.6399999997
205.1118126,2566274.0299999993
205.160837,2880631.17
205.1683214,626627.77
205.2098614,2901015.3599999994
205.3894952,2361955.3700000006
205.4415714,592340.0099999999
205.7148214,616345.25
205.7329407,2990973.52
205.9880714,629026.75
206.0763862,2827054.920000001
206.225924,635171.0499999998
206.3694701,2893253.2699999996
206.4496175,585989.1000000001
206.6424093,2509424.8600000003
206.6733111,611585.5400000002
206.8560238,665781.74
206.8958203,643041.7100000001
206.8970046,650418.7499999999
206.9153485,2784336.7900000005
206.9424405,604925.0800000002
207.0288571,586781.78
207.1015429,635758.0299999999
207.1039009,630972.15
207.1152738,651147.8300000001
207.1882876,2590761.1599999997
207.1940691,631827.3799999999
207.2538111,597354.3900000001
207.2581929,638280.6699999999
207.3119816,578209.6300000001
207.313553,533917.52
207.3732949,605956.5900000001
207.4148429,611464.21
207.4283845,2535062.2799999993
207.4330369,595626.56
207.4953088,663396.32
207.5200622,648330.18
207.5580023,561573.08
207.5714929,649148.74
207.6206959,594224.9
207.6553444,2441035.45
207.6833894,649128.2299999999
207.7281429,684655.9099999999
207.8527143,618877.13
207.8823043,2546370.8800000004
208.1092642,2675662.52
208.1265604,2782564.6999999993
208.1535092,2875321.6700000004
208.1642143,586108.13
208.2306018,2650096.4199999995
208.3172811,2731968.7800000003
208.3346432,2759372.2700000005
208.3551116,2919798.43
208.4386847,2822317.43
208.4757143,555183.7200000001
208.4779405,3070450.23
208.5309337,2720385.98
208.556714,2662807.1100000003
208.5937018,2621759.8
208.6386,2531033.19
208.6564699,2526831.74
208.719238,2869059.6399999997
208.7583165,2631387.3899999997
208.7820061,2719376.879999999
208.7872143,642828.62
208.7992595,2750284.9899999993
208.8424359,2678976.68
208.902476,2659999.75
208.9599189,2721531.6799999992
208.9625161,2841544.9800000004
209.0225562,2723791.04
209.0752166,590984.5599999999
209.118536,2208927.52
209.1215867,2388311.0
209.170772,2239587.06
209.1893892,2607729.9200000004
209.2199574,2241368.43
209.2222327,594625.9600000001
209.2691428,2251119.369999999
209.3692488,572516.5700000002
209.3922937,2336086.66
209.400638,2293379.7299999995
209.4986126,2509005.63
209.516265,641905.37
209.5938656,2440105.139999999
209.6632811,615975.5
209.6660514,2344833.2299999995
209.7870932,2155311.1399999997
209.807836,2584968.499999999
209.8529663,2234150.269999999
209.8630532,2291923.73
209.8651071,628115.6100000001
209.8708867,2304643.099999999
209.9398091,2462491.8500000006
209.9803208,2190462.8600000003
209.984205,2285092.38
209.9958663,2258671.149999999
209.9970208,2265645.47
209.9984585,4353468.92
210.0011018,4627231.87
210.0451024,2211255.499999999
210.0505833,4182323.56
210.0771885,2129717.2800000003
210.0888571,669965.2200000001
210.0975233,2200714.0599999996
210.1000648,4283691.710000001
210.1092746,2265713.319999999
210.1170595,2807505.659999999
210.1286794,2228587.1
210.1413607,2198841.3799999994
210.1495463,4429486.890000001
210.1787224,2786672.369999999
210.1805602,3494392.7600000002
210.182398,2049654.51
210.1842358,2151598.99
210.2108417,2359768.79
210.2135668,2321031.6199999996
210.2372494,2546317.0299999993
210.2379731,2129314.019999999
210.2614925,2386009.2300000004
210.2641156,2224433.92
210.2768443,4443456.259999998
210.2831653,4556381.66
210.2924504,2208861.0400000005
210.2966631,2286889.5899999994
210.3126071,585028.26
210.3292106,2341723.91
210.3374261,1494251.5000000002
210.3399684,1603955.1200000003
210.3617581,2396697.139999999
210.3664469,2113063.6100000003
210.376263,2300390.2100000004
210.3895456,1425100.7100000002
210.3943056,2333718.2900000005
210.4027602,2657023.1500000004
210.4391228,1391256.12
210.4404433,2171631.31
210.4798874,4635336.58
210.4887,1466058.28
210.5144398,2255433.85
210.5152765,3076467.4100000015
210.5363571,617898.0700000001
210.5473252,2794917.4
210.5552301,4484239.479999998
210.5805944,2190976.0100000002
210.6031072,2169048.6100000003
210.6170934,1399662.0700000003
210.6228574,1545418.5300000005
210.6271444,2196490.710000001
210.65429,2300399.41
210.6736944,2201909.2400000007
210.6766095,4108788.3900000015
210.6918901,2789865.49
210.7202444,2239250.9800000004
210.7365392,665007.0800000001
210.7526053,4869943.91
210.7577954,4374480.629999999
210.7657317,4346991.89
210.7667944,2234750.1999999997
210.8204499,1594968.2799999998
210.833616,4794520.609999999
210.8364551,3002500.2100000004
210.8733316,4451138.250000001
210.8803726,4477453.83
210.8872772,296673.76999999996
210.8896556,333522.6000000001
210.8921319,4264064.359999999
210.8967606,1432069.9500000002
210.8979935,4988452.739999998
210.9052972,676290.4600000002
210.939388,298697.8399999999
210.9451605,4928634.800000001
210.9682412,2044544.9200000006
210.9759573,4431379.630000001
210.9810201,2989210.92
210.9891204,288839.73
210.9950134,4466509.8100000005
211.0067542,4595919.030000001
211.0180424,1404429.9200000004
211.0264684,4190009.330000001
211.037551,4537179.95
211.0388528,306858.6900000001
211.0645458,5916722.860000001
211.0646599,7611563.3100000005
211.064774,4019040.3999999994
211.0648881,4150266.929999999
211.0740553,505405.85000000003
211.0963582,1643690.9
211.1003854,1448938.9200000002
211.108414,1546074.1799999997
211.1096543,4602558.849999998
211.1120018,4632466.799999999
211.1176713,4211121.74
211.1247993,5226935.2
211.1532104,4276526.579999999
211.1608049,4524997.310000002
211.169023,301615.49
211.1738835,328020.49
211.1764278,1615524.71
211.1806415,4234407.66
211.1847207,2898459.4199999995
211.1886931,4395977.35
211.215635,1472515.7899999998
211.2235333,1492418.1399999997
211.2241759,4490155.820000001
211.2351443,1385065.2000000004
211.2421698,1641957.4399999997
211.2428134,670993.01
211.2552578,4074887.700000001
211.2596586,4636919.52
211.265543,4590820.59
211.2891429,1611968.17
211.2951413,4461069.640000001
211.3196429,1409727.5900000003
211.3298742,4164055.7600000002
211.3333753,2345130.8200000008
211.3386526,1422711.5999999996
211.3501429,1554806.68
211.3699032,1371986.6
211.372888,331406.00000000006
211.3806429,1439541.5900000005
211.4044906,4292713.08
211.4047419,1444732.2799999996
211.4049321,1367320.0099999998
211.4051222,2387950.1999999997
211.4053124,1891034.929999999
211.4062867,6225942.3199999975
211.4115714,663529.64
211.4120757,4022444.6400000006
211.4507688,310013.1100000001
211.4537719,1503284.0599999998
211.4560951,1542561.09
211.4574109,1391013.9599999997
211.4659526,1682614.26
211.4713286,4207563.860000001
211.4864691,4198626.379999999
211.4951902,1507460.6900000002
211.4997811,619225.6499999999
211.5046621,1605491.7799999998
211.5187208,4170537.1200000006
211.5224596,1430378.67
211.5312479,1540163.53
211.5470304,4495894.32
211.5661131,4230767.429999999
211.5673056,1449142.9200000004
211.5718925,273282.97
211.5879908,587685.38
211.5972246,1351791.03
211.6033633,1513080.49
211.607193,1548033.7799999993
211.6135053,4468067.760000001
211.6394211,1508237.7600000005
211.6394306,3177091.3999999994
211.6539716,317173.0999999999
211.6561123,280701.7
211.6608975,4436656.5200000005
211.6642907,291808.8700000001
211.6719895,1453329.4999999998
211.6762005,629176.7100000001
211.6985093,2151909.410000001
211.7325146,337825.88999999984
211.7467544,1508239.93
211.7484333,1955624.1099999996
211.7644101,662198.65
211.770897,281706.41
211.7801861,305993.27
211.7915565,274742.63
211.8004698,311825.6999999999
211.8137436,1459409.0999999996
211.8272343,1327405.4200000002
211.8421769,1524059.4000000001
211.8442706,1619920.0399999998
211.8471283,303447.5700000001
211.8552668,4026194.6899999995
211.8612937,1345454.0
211.8667856,3462569.8
211.8771468,270281.63
211.8896737,1483784.1800000006
211.8942725,1498080.1599999997
211.8960815,295257.30000000005
211.9071653,288855.71000000014
211.9088438,1384209.2200000002
211.916835,660632.0499999999
211.9270006,268929.03
211.9371839,297293.5900000001
211.9442745,1540435.9899999998
211.9560305,286347.26000000007
211.9563939,1551659.2799999993
211.9567142,298180.1799999998
211.9573978,466010.25
211.9580815,367801.19
211.9942765,1519846.360000001
212.003944,1494479.4899999998
212.0063522,2299249.4599999995
212.008514,260636.70999999996
212.0119769,313795.5999999999
212.0142605,296641.91
212.0193491,352811.5300000002
212.0499271,306533.07999999996
212.0624447,303043.02
212.0685039,3760319.1200000006
212.0769346,282558.64999999997
212.0869176,323798.0
212.1174212,613042.97
212.123908,288519.75
212.1275324,1531938.4400000004
212.1308239,1667181.8199999998
212.1519404,293131.58
212.1608984,287205.37999999995
212.1613951,344490.88
212.1970577,1316899.31
212.1978889,286477.35
212.2240646,4459741.879999999
212.2269463,283178.12
212.2360401,4845904.000000001
212.2912786,2135958.8200000008
212.3019522,290494.85000000003
212.303441,488362.61
212.3180074,693249.9800000001
212.3322805,1770333.9000000006
212.3691867,280681.20000000007
212.3800012,275313.34
212.4035763,2726910.3699999996
212.412888,1644470.66
212.4169928,284988.27
212.445487,297384.81
212.464799,278031.80999999994
212.5126051,325310.3
212.5185936,636677.67
212.533737,1472033.3800000001
212.5604113,301827.36000000004
212.5668812,1606629.5799999998
212.5711125,2601121.06
212.576205,2246537.5199999996
212.5928624,4950101.680000001
212.6212163,1560120.8
212.6223518,1652635.1
212.6296549,1690317.9899999998
212.6651567,661707.02
212.6982436,1857380.0899999999
212.7351935,1693058.9100000001
212.7386486,2526274.9499999997
212.7396889,610940.94
212.746898,1759777.25
212.7514884,279088.3900000001
212.7578505,1585240.9200000002
212.7700425,1606283.8599999996
212.8142212,623258.4000000001
212.8161546,1567138.07
212.8336399,2487520.83
212.845337,1432953.2100000002
212.8611313,2196833.99
212.8641412,1640681.880000001
212.8745193,1601348.8200000003
212.8887535,658468.2699999999
212.8944846,1532308.7800000003
212.9033115,4921721.159999999
212.9037017,1558621.36
212.9134266,1350441.68
212.9149674,1464050.0199999996
212.9165082,2727575.18
212.918049,2090268.95
212.9286312,2350570.8
212.9367046,1649614.9300000002
212.9632857,665687.92
212.9655882,1306194.5500000007
212.9804059,1834737.5799999998
212.9813843,1677248.2399999998
212.9835992,1685652.35
213.0130524,638144.98
213.013312,1424225.4399999997
213.0236225,2846299.5999999996
213.0311188,1633241.5899999999
213.0398643,1308537.7499999998
213.0519222,1510925.3199999996
213.062819,593138.5900000002
213.0905324,1450766.12
213.1096787,2258325.329999999
213.1125857,637964.2000000002
213.1152886,1275591.84
213.1186138,3121962.66
213.1229755,329613.19999999995
213.123851,1677067.2399999998
213.1291427,1539930.4999999995
213.1623524,640159.04
213.1677529,1547654.9800000002
213.1702811,643032.51
213.1719747,605078.6199999999
213.1736682,597406.39
213.1753618,648541.8099999999
213.1786952,634815.0999999999
213.190421,4400191.119999997
213.1907129,1328468.8900000001
213.2123786,613270.79
213.2460619,593128.1299999999
213.2478853,1686842.7799999996
213.2661373,1360317.9000000004
213.2672961,2267452.3999999994
213.2732106,2963113.1800000006
213.2797452,645618.5900000001
213.3134286,627634.04
213.3219124,596554.05
213.3303963,572447.5199999999
213.3337977,1344580.9200000004
213.3388802,614378.94
213.3399647,1261253.1800000002
213.3436744,2197172.7399999993
213.3473641,643558.7799999998
213.3820486,1332716.5299999998
213.4107412,1518841.4499999995
213.4226959,640210.8500000001
213.4302994,1385323.7000000004
213.4725116,2659338.5999999996
213.4775305,4633941.390000001
213.4785503,1505442.15
213.4944627,311590.5399999999
213.5268011,1495536.4600000002
213.535609,1456800.2799999998
213.5481636,598234.6400000001
213.5776701,2237100.2500000005
213.6196139,1651154.0700000003
213.6211778,1711653.6400000004
213.6655355,873337.8399999997
213.6670857,916820.9599999998
213.6716815,1601015.279999999
213.6718127,2791978.6499999994
213.6736313,593141.29
213.7143412,1287034.6999999993
213.7176024,778672.6400000004
213.7221852,1623743.2000000007
213.7481256,2371170.2799999993
213.7646401,4486689.950000001
213.768119,850440.2600000001
213.7726889,1678236.6099999992
213.7917147,2325921.3700000006
213.7990991,663814.1800000002
213.8068304,356622.61
213.8116658,2323076.9299999997
213.8186357,882917.12
213.8233327,1636263.41
213.8402689,2232454.11
213.8469819,492792.80000000016
213.848478,526128.61
213.8711137,2782976.9299999997
213.8990459,491723.4199999999
213.9116886,1615409.7900000003
213.9120595,1886178.5999999996
213.9324122,2301121.43
213.9332167,625196.94
213.9496138,488683.57000000007
213.9577839,818333.21
213.9580793,916033.92
214.0001817,485764.32
214.0156238,4547156.5200000005
214.0162805,2415830.77
214.0167132,2703195.9800000004
214.0245556,2281089.0799999996
214.026217,2306793.96
214.0887176,1514999.17
214.0907105,2665268.7399999998
214.0955503,294659.5
214.1083654,2264638.22
214.1110564,1553191.6300000001
214.1180803,1869504.66
214.1192333,601990.0200000001
214.1399135,529384.3099999999
214.1399162,506274.94
214.164218,914500.9099999999
214.1647079,2759070.659999999
214.1713416,2282860.5299999993
214.1921572,2464149.9399999995
214.2037634,1614361.7500000002
214.2343177,2285754.5600000005
214.2387053,3356616.82
214.2408462,2261866.089999999
214.2500323,868041.5599999998
214.2521573,4308663.48
214.2972939,2410596.099999999
214.30525,577792.3200000001
214.3127027,2704087.6199999996
214.3241011,1605573.5399999996
214.3465181,545206.32
214.3580974,2223278.8299999996
214.3602701,2396749.0500000007
214.3627114,1576818.0599999998
214.3675045,2545994.319999999
214.3703567,772539.1199999998
214.3842702,329033.66000000015
214.4176476,1643338.3200000005
214.4223063,2541661.25
214.4239935,2509232.4600000004
214.4248812,1989630.8600000008
214.4265704,1629370.6499999994
214.4328505,558143.53
214.4630941,1486920.1699999995
214.4640599,848630.5700000002
214.465412,2283655.0699999994
214.4714512,1004137.0899999995
214.4729952,845289.7699999998
214.4771081,2859932.6100000003
214.4878416,2446810.0400000005
214.4886908,4315045.25
214.4912667,642614.8899999999
214.4958382,1793290.9899999995
214.5240376,2311835.569999999
214.5301219,1739535.5899999996
214.5319099,2907963.2699999996
214.5422806,958225.41
214.5463222,1683751.8599999999
214.5485571,2756429.45
214.5499425,2898360.0200000005
214.5513278,2837892.5400000005
214.5516896,2345733.9699999993
214.5527132,2962216.3200000003
214.5531227,484946.5599999999
214.5564968,1597254.5200000003
214.5653243,2919021.1799999997
214.5747916,1995413.039999999
214.5764954,839910.9999999999
214.5928119,852333.75
214.5999389,1541102.38
214.6029664,785515.88
214.606,2782190.5899999994
214.6155376,2288580.24
214.6198868,1924940.89
214.6214189,994801.3999999997
214.6466757,2774843.4199999995
214.6474453,474030.50999999995
214.6475127,1743609.5100000005
214.6513538,4703512.590000001
214.6554591,549505.5499999999
214.6564301,485389.1499999999
214.6660741,1619371.5599999991
214.6664878,963960.3700000002
214.6729901,293098.0999999999
214.6751386,1841824.6899999992
214.6772833,619369.7199999999
214.6873514,3111440.8499999987
214.6899778,2232211.050000001
214.6940735,847592.1099999999
214.695346,1598133.9400000004
214.6955104,1557146.7800000003
214.6964908,4573547.470000002
214.6986466,1554680.8600000003
214.7017828,2912255.77
214.7027646,1716083.8499999999
214.704919,2342130.54
214.7126286,814919.1099999998
214.7212488,623919.23
214.7216592,881503.9499999997
214.7252242,4453015.170000001
214.7257848,586061.4599999998
214.728027,2848774.07
214.7331351,2655846.8699999996
214.7382432,2570668.63
214.7415392,587603.55
214.7415521,873065.2300000002
214.7418728,787295.0899999999
214.7433514,2804240.3099999996
214.7441108,4360902.980000002
214.7447295,773586.49
214.7470729,1575510.88
214.7479069,1511641.0899999999
214.7484595,2854742.3599999994
214.7492449,860336.16
214.7510843,1220579.5499999998
214.7597274,485744.61
214.7693037,2032158.460000001
214.7765028,528832.54
214.7775231,1572117.54
214.7858259,1700599.7700000003
214.7865779,462676.50000000006
214.787913,1694587.9400000002
214.7930991,809646.6599999999
214.7934111,2228950.69
214.8056534,552677.4800000001
214.8065431,1583689.43
214.8155214,1069061.6300000001
214.825578,2773528.9400000004
214.8322484,1578740.9500000002
214.8324452,869922.56
214.8341952,1772270.6800000004
214.834529,914835.8600000001
214.8368678,4451553.770000001
214.8371664,1495064.75
214.8481685,1670388.2399999998
214.8506185,511327.9
214.8528728,831425.2
214.8780453,473773.27
214.8785562,836707.8500000002
214.8807793,893399.7699999999
214.8897938,1673397.1600000001
214.894576,899036.4700000002
214.8965756,509263.27999999985
214.9054721,507297.8800000001
214.9084516,1525730.1199999992
214.9153531,1856943.4099999997
214.9234729,490981.77999999997
214.9254865,4570791.37
214.9257105,468675.18999999994
214.9257339,312177.66999999987
214.9268131,459770.85000000003
214.9296249,4430170.230000001
214.9301534,873347.5500000002
214.9314191,1781920.5799999998
214.932899,494145.7999999999
214.9334937,685243.2000000003
214.9362793,888816.7799999999
214.9420631,4459988.89
214.9547795,773725.08
214.9567044,2761869.0700000003
214.9616381,952766.93
214.9730444,1723936.479999999
214.9749587,458086.68999999994
214.9779825,870676.4399999998
214.9846548,1541274.56
214.9980596,1532114.8599999996
214.9981378,618121.8200000001
215.0134426,4349487.9799999995
215.0166484,513073.8699999999
215.0187191,522715.67999999993
215.0196857,867919.2099999997
215.0310029,804105.49
215.0359315,484835.20000000007
215.0435229,1588948.3199999998
215.060858,1688580.1500000001
215.0614025,2322810.3499999996
215.0615285,463448.59
215.064843,522815.4499999998
215.0679731,1422600.43
215.0743939,1614259.3500000006
215.0749122,4353693.6400000015
215.0779426,511049.06
215.0878309,2777310.29
215.0910982,1438830.1500000001
215.1072262,870349.8599999998
215.1077548,1261693.1600000001
215.1096657,4594394.250000001
215.1199536,506789.66000000003
215.1233185,2177620.0200000005
215.1268275,1538652.89
215.1293114,1520588.06
215.1363819,4154228.290000001
215.1378313,452905.21999999986
215.1445203,578164.8199999998
215.1544822,4313701.83
215.1619646,499325.38
215.1640872,294732.50000000006
215.1729926,822668.2300000002
215.1757,826546.96
215.17839,1518727.3600000003
215.1841368,1488538.09
215.1978515,4521111.119999999
215.2039756,481897.9799999999
215.2074519,1664891.8899999997
215.2141341,495692.1900000001
215.2189573,2752011.960000001
215.2248,836419.14
215.2274686,1543627.7399999995
215.2538714,885608.0399999997
215.2593211,4445237.790000002
215.2736553,1635078.4100000004
215.2739,830756.7600000001
215.2765472,1755934.6900000006
215.2771754,1534849.6400000004
215.2772683,4283621.1899999995
215.290437,505069.20999999996
215.2909028,768070.53
215.2918561,1559888.9999999998
215.3229307,4601634.23
215.323,927266.34
215.3256258,1668310.6299999997
215.3554013,454021.6899999999
215.3583757,2705191.6100000003
215.3584231,1502617.99
215.3589917,454769.67999999993
215.3611087,1455119.97
215.3721,911538.9800000001
215.3834778,4255585.810000001
215.386897,4447479.34
215.4024406,314316.55000000005
215.4081762,466322.76000000007
215.4222784,1396926.8200000005
215.4372854,519823.3
215.4448709,4384187.059999999
215.4508632,4270168.849999999
215.4532259,2143088.3
215.4573607,508801.61000000004
215.4599053,1564819.81
215.4834482,1352219.7899999998
215.5037878,1466046.6699999995
215.5065452,517869.97
215.5065821,1465284.9299999995
215.5148295,4149558.3900000015
215.544618,1624383.75
215.5475459,2693332.4400000004
215.5528862,782256.6600000001
215.5557297,520846.67999999993
215.560463,304811.82
215.6057878,1525147.09
215.6064555,304984.14000000013
215.6124735,4425482.580000001
215.6279544,1455090.6899999997
215.6407939,307333.62
215.6488731,1494497.3900000001
215.6539583,302881.6400000001
215.6693107,1530761.43
215.6944378,4091340.880000002
215.7332258,1464693.4599999997
215.7339202,1428218.2699999996
215.7358438,463561.47999999986
215.7367162,2691651.420000001
215.7474537,327093.89000000013
215.7831333,2312839.1099999994
215.7960035,1629391.2800000003
215.7971409,1550229.2200000002
215.8384319,329183.9200000001
215.8409491,310804.93
215.8592673,307913.58
215.861056,1540471.2400000002
215.8863367,1861062.5799999998
215.9035078,1685375.4700000004
215.9250696,283248.62
215.9258865,2945948.62
215.9327797,944594.7800000001
215.9640526,1604775.58
215.985753,292539.73000000004
216.0280407,328415.44
216.0282356,4090658.3699999982
216.0410526,1514259.7799999996
216.0464364,275142.17000000004
216.0704083,297149.69
216.0885258,2240434.84
216.1071198,317738.56000000006
216.1150568,2860268.7699999996
216.1162864,544612.2800000001
216.1438163,1438465.81
216.1464699,2684895.34
216.1515902,2720591.4900000007
216.1678032,289886.16
216.1968142,307291.56000000006
216.2311855,303643.8399999999
216.2468287,2316700.96
216.2660913,1849763.1099999992
216.2950176,310338.17
216.3023847,299614.3300000001
216.3126733,996147.3900000001
216.3588498,315645.53
216.3620333,3974900.79
216.3655877,322904.67999999993
216.3758246,1380020.2699999998
216.3841249,1459276.7699999996
216.4051315,2296212.3500000015
216.4226819,321110.22
216.496729,555279.02
216.5343611,290930.01
216.5371616,1622150.3299999998
216.5634344,2422942.3000000003
216.5840732,1598643.6499999997
216.5843571,1987529.2500000005
216.6033083,278529.71
216.6244334,1534593.9999999998
216.6310383,1065108.6400000001
216.6314502,1543365.9000000001
216.6958311,4345917.3900000015
216.7105965,1394561.83
216.7217373,2286725.0800000005
216.7257388,1694551.1499999994
216.8154856,610985.56
216.819252,1705506.2899999996
216.8200275,1709373.6199999996
216.8446627,1448797.02
216.8780275,1721210.5499999996
216.9044732,1526801.2399999998
216.9247918,917317.15
216.9395861,2370794.3
216.9396605,291024.9800000001
216.964312,1526506.0799999994
217.0048261,4204313.800000001
217.0146941,1639358.9299999995
217.0241507,1483991.0500000003
217.0453684,1630989.9499999993
217.0544307,1523979.1099999999
217.0839894,1601584.5700000003
217.1095679,513107.19999999984
217.1438281,1484995.38
217.1650042,4401985.240000001
217.1716979,1836541.4999999998
217.1812533,3194197.9900000007
217.1847255,1479249.9000000001
217.2069662,1493544.04
217.2185454,935266.4300000002
217.2706543,1420405.4100000001
217.2760127,292315.38
217.2896095,1382783.8299999998
217.3251824,4281122.850000002
217.3343423,1481618.74
217.3547569,1504651.5699999996
217.3552733,1493525.9300000002
217.3980304,1483574.3799999997
217.4036503,542016.18
217.4229206,2453362.9000000004
217.4653683,1719310.6099999996
217.4853605,4585830.770000001
217.512299,900387.29
217.5159762,1502562.7800000003
217.5247882,1453185.65
217.5797506,1351407.79
217.6123648,309111.47000000003
217.6455387,4532565.289999999
217.6645878,2631051.659999999
217.6766791,1445249.0899999999
217.6977326,517783.49999999994
217.7235226,1783923.1999999997
217.7705442,898289.1399999998
217.837382,1697229.5799999994
217.8670218,4521414.009999998
217.8781339,2867233.639999999
217.9188471,1336044.7500000002
217.9237458,286117.72
217.9563371,515226.1100000001
217.9674705,1610460.91
217.9980849,1594938.8900000001
218.0145862,827968.3599999996
218.0541851,3485536.7600000007
218.0852999,306069.18
218.1130269,6219729.28
218.2007506,497488.4000000001
218.2114184,1633230.1999999995
218.2205088,1539483.7000000002
218.2302364,2275892.3899999997
218.2468539,307035.11
218.2579435,1307551.9200000002
218.2586281,878762.2999999999
218.3551748,1740930.0799999998
218.3590319,4549331.429999999
218.4021448,922048.41
218.4037974,1706265.4999999998
218.4062876,2366349.320000002
218.408408,353652.22999999986
218.445164,520962.13999999996
218.4508115,897309.41
218.45094,1640108.549999999
218.4553663,1711476.3699999999
218.4676211,2033320.6600000001
218.4979481,864881.2400000001
218.50267,949825.8300000002
218.5467052,1666434.7799999998
218.5699621,311906.7
218.5823389,2241323.1100000003
218.5877333,558671.1399999998
218.5937514,883683.35
218.59704,1481739.2
218.605037,5181836.410000001
218.6365747,550076.3200000001
218.6424704,1729774.2000000002
218.6449369,1738144.8400000003
218.6755292,2269662.31
218.6788642,1679156.4899999998
218.6836874,538745.93
218.6895548,861965.12
218.6895775,561625.9199999999
218.6921051,929222.1599999998
218.7147333,1584083.95
218.7262524,908278.7400000001
218.7275216,1640001.0599999991
218.7687195,2135863.129999999
218.7746217,849925.3699999999
218.7796415,537064.0299999998
218.7857881,1651193.8099999994
218.793912,307944.37000000005
218.8217928,5512782.720000001
218.8328475,829902.4200000002
218.8440545,1558319.9599999997
218.851237,1779978.5700000008
218.8619099,2262557.26
218.8755955,535983.1299999999
218.8784768,587004.2900000002
218.8860765,1586227.120000001
218.8910733,807082.1900000002
218.8986857,937473.1299999998
218.9023209,1813180.1899999992
218.9109844,1386520.9899999998
218.9134935,528420.2799999999
218.9333986,857939.4100000001
218.9492991,892393.7699999999
218.9551002,2305771.7999999993
218.9605873,1734565.28
218.9607242,512834.04000000015
218.9618456,1799682.38
218.9995495,7127120.790000001
219.0075249,856796.0999999999
219.0187895,491449.9400000002
219.023271,1863886.6499999994
219.0236099,1724995.2900000003
219.0428204,507900.06999999995
219.0701968,895066.4999999999
219.071119,855014.7699999999
219.0740167,1417922.37
219.0768548,471449.9800000001
219.0861659,549502.1100000001
219.0866908,1671074.3000000003
219.1148297,2378429.7100000004
219.1203788,553834.04
219.127216,1604070.0999999999
219.1336097,912542.8200000001
219.1349201,554879.67
219.1501106,1673781.1000000006
219.1746922,836049.89
219.1773063,4410772.279999999
219.1794533,1881176.67
219.1929854,520284.79
219.1959827,1744495.53
219.1970226,891387.14
219.2135305,1626787.44
219.237049,1419445.12
219.2435524,941457.3400000002
219.2556109,540819.4400000001
219.2588382,532226.2
219.2604355,848358.0899999997
219.2917287,376225.6100000001
219.3189965,542663.53
219.3244636,2244032.3799999994
219.355063,4297965.379999999
219.3577216,2270188.99
219.3622809,518266.89999999997
219.3683556,1664272.1000000008
219.382382,544643.3299999998
219.3972867,1646445.5199999996
219.4000812,1523420.3799999997
219.4159857,895763.4099999998
219.4315106,545251.1
219.4442443,870971.8199999995
219.4457675,528784.8600000001
219.5328198,4200415.76
219.5340975,2294002.91
219.5359898,1497462.7199999997
219.540637,367433.7700000001
219.5631135,1536176.5400000003
219.6041829,539125.9999999999
219.6258417,4174212.83
219.6297841,500274.02999999997
219.7142581,1550369.9199999997
219.7188636,3965143.99
219.7414914,1601024.0899999999
219.7437314,2325376.53
219.7596266,379530.2999999999
219.788581,806444.2899999999
219.7897137,1524390.07
219.8118854,4441586.019999999
219.8925263,1459601.1700000002
219.8956335,2342355.23
219.9049073,4853030.039999998
219.9387246,458562.2400000003
219.9705599,2308353.11
219.9746423,506743.77999999985
219.9856893,1394393.84
220.0417412,2249811.55
220.0454862,2337606.859999999
220.0651993,5037274.61
220.0788523,1319325.59
220.085696,1558993.76
220.1178226,349624.88000000006
220.1204125,2660722.8300000005
220.1329176,809049.3699999998
220.1720153,1636339.6500000001
220.1953389,2427113.8400000003
220.2483937,2280789.5500000007
220.2651783,1802477.4300000004
220.275944,4426660.85
220.2937686,1688531.3399999999
220.2969205,312078.70999999996
220.3014485,2294194.4699999993
220.3195004,508567.0399999999
220.3545033,2360006.5000000005
220.4075581,2329293.79
220.4252149,2382627.63
220.4257586,1819869.9999999995
220.4287124,2442760.6200000006
220.4299007,1749613.4599999997
220.4322099,2478294.149999999
220.4357073,2490656.4000000013
220.4494148,2429219.859999999
220.4760185,291454.5200000001
220.4772543,929976.55
220.4866886,4583462.889999999
220.4886472,2322760.549999999
220.5278796,2292229.2200000007
220.5457961,1903385.1399999997
220.567112,2485299.1999999993
220.5694104,287523.98
220.6063444,2275604.64
220.6148749,2389202.3799999994
220.6234054,2281930.14
220.6319358,2435226.9899999998
220.636902,1539387.8300000003
220.6404663,2441780.02
220.6628023,295974.2199999999
220.6643585,553836.9799999999
220.6974332,4578365.410000001
220.7199609,2544462.84
220.7486167,1654671.5300000007
220.7561941,333948.0
220.7671856,2034695.5600000005
220.7960935,863188.2599999999
220.8480454,1688420.7599999998
220.849586,349239.8800000001
220.8498468,4638766.029999999
220.8526787,2529880.34
220.9144005,1720083.8900000001
220.9244858,4316247.070000001
220.9477245,2644633.0199999996
220.9619484,905984.49
220.9836849,529515.6599999999
220.9853964,2531915.52
220.9991248,4350737.73
221.0106341,356427.98
221.0591887,1675431.1599999997
221.0737638,4848674.22
221.0801842,1700224.72
221.1181142,2430378.46
221.1278032,876712.3099999998
221.1282634,1598080.5200000005
221.1484028,4541815.750000001
221.1498206,557075.2100000001
221.2021074,4452149.359999999
221.2118132,1677472.78
221.2224243,312220.47000000003
221.245968,1917730.5999999999
221.255812,4184059.749999999
221.2601207,2264159.45
221.2864126,1511068.0699999998
221.2936581,947815.0499999997
221.3088023,1395339.7100000002
221.3095166,4467337.230000001
221.3159563,548527.4899999999
221.3610119,1649604.63
221.3632212,4396475.039999999
221.380331,4603913.789999999
221.3828029,4482132.500000001
221.3852748,4437069.67
221.3877467,4598620.940000001
221.4009901,4559500.01
221.4117517,1773817.9400000002
221.4342146,359206.21
221.4356112,1899676.8799999997
221.4411622,4446223.6
221.4578604,2370797.9399999995
221.4595129,917088.4799999999
221.4813343,4369782.159999998
221.4820921,597855.07
221.4893412,1344243.1700000002
221.5102105,1621031.7
221.5215064,4633133.83
221.5616784,4290149.170000002
221.5640737,1521577.8699999999
221.5701123,4330753.029999998
221.5785461,4164026.549999999
221.5831306,1326255.6999999997
221.5869799,4455201.670000002
221.5954138,4384342.84
221.6179368,1468928.3699999994
221.6432852,1713930.6
221.6460048,347295.60000000003
221.6482278,594574.1199999999
221.6556,2294238.1899999995
221.6718,1684519.99
221.6751459,4513512.67
221.6769199,1315610.6600000001
221.6911738,897032.1900000001
221.7256632,1611096.05
221.742674,1595901.8699999996
221.744944,1555444.5500000003
221.7472139,1624477.5800000003
221.7494839,1697230.9600000002
221.7626421,1630606.9999999998
221.7707093,1496305.78
221.7989713,339392.5400000001
221.8030211,1527845.81
221.8083518,4483871.620000001
221.8434,1540421.4900000002
221.8533396,2397668.9
221.8644987,1620603.92
221.8735063,321299.99
221.8803923,542414.27
221.8837789,1769854.16
221.9011185,2405878.6699999995
221.9241579,1527014.04
221.9327267,1497954.7600000002
221.9412954,1439123.7100000004
221.9415576,4523734.88
221.9480412,331318.7299999999
221.9491571,1235163.86
221.9498642,1631135.7899999996
221.9584329,1592409.97
222.0225762,402985.70000000007
222.026359,1632616.0899999996
222.0384109,1597868.0500000003
222.0510793,2316464.67
222.0747635,4333281.75
222.0951719,2416815.4799999986
222.0971111,351832.0300000001
222.1136566,2376729.8399999994
222.1389683,814753.5000000001
222.1512315,330063.05999999994
222.1589519,1871833.7600000007
222.1719457,1494122.3800000004
222.2053519,324839.74
222.2071405,986601.4600000001
222.2174395,4208780.01
222.2392726,1465187.7100000002
222.2594722,360932.69000000006
222.3054805,1582083.4000000001
222.3135926,333870.5200000001
222.330443,336189.66
222.3323853,341994.4799999998
222.3343277,359867.8
222.33627,341704.59
222.3492901,327383.63999999996
222.3900046,325041.68
222.3975443,613115.2100000002
222.4167852,2115428.7400000007
222.4169362,4313523.64
222.4307191,329658.1000000001
222.4390153,1661767.3299999998
222.4521862,1550385.6500000001
222.4651238,1051922.9500000002
222.4714336,341214.43000000005
222.5121481,316203.6399999999
222.5209358,321205.12
222.5297234,306827.36000000004
222.5385111,324195.17000000004
222.5472987,306759.7
222.5820193,1517428.8699999999
222.6164329,4098058.829999999
222.6276753,314014.1799999999
222.6426418,2294657.6799999997
222.6561203,630327.2799999998
222.6650998,1569304.4000000001
222.6910959,1118163.94
222.7617437,320831.36
222.7818386,1506126.06
222.8159296,4460206.449999997
222.8186603,1748010.2900000003
222.8258628,2764739.7099999995
222.8743862,1462254.0500000003
222.8825484,705557.9700000001
222.8930835,1495143.6199999999
222.8958121,344642.01
222.9675066,1508933.2599999993
222.9816579,1437059.2600000002
223.0090839,1762638.0900000003
223.0154263,4389495.25
223.0298805,350648.91000000003
223.0419298,1840131.19
223.0576765,858572.2200000001
223.0598077,4305626.290000001
223.0661125,905324.6799999997
223.0783366,4289318.270000001
223.1163529,1616394.4500000002
223.17092,1456073.2399999995
223.1734167,299800.6700000001
223.1814772,1670785.9699999997
223.1923049,1682063.7600000005
223.2254871,1456221.0999999992
223.2409668,872113.2300000002
223.2496766,549788.36
223.2800541,1543461.12
223.3346212,1517075.6700000002
223.3511928,1513635.6400000004
223.3525662,1603793.4199999997
223.3539397,1681121.3800000004
223.3553131,1696619.5200000003
223.3680933,1642247.48
223.3737593,307306.7600000001
223.3755259,1632175.2100000007
223.3812965,1573072.8099999998
223.4093906,1618272.2499999998
223.4242571,817661.7600000001
223.4257233,1508068.7700000003
223.4332408,519585.67
223.4442513,1493659.7399999995
223.4506878,1648863.46
223.4700552,1573121.9000000008
223.4919851,1876359.3900000004
223.5188055,813954.82
223.5332824,1588142.26
223.5424501,1574361.97
223.5516178,1513229.1599999997
223.5607856,1627274.93
223.5645845,1512193.95
223.5699533,1588380.7299999997
223.5741019,310141.68000000005
223.6133539,778178.5299999999
223.6168049,474964.6000000001
223.6510224,1543049.5200000005
223.6591137,1801692.84
223.7079023,927610.6899999998
223.7114288,480130.04000000004
223.753643,2047580.2299999995
223.7744444,343048.29
223.7860175,1501095.49
223.8024507,1021400.4200000002
223.8060527,482451.2099999999
223.9006766,549967.8899999999
223.9170153,2045199.0199999996
223.9210125,1577439.8100000003
223.9658621,1096232.8899999997
223.974787,325345.41000000003
223.9953006,609736.12
224.0192873,313358.1500000001
224.0378139,319550.77
224.0560076,1608077.0099999998
224.1320199,1798398.5000000002
224.1588663,658965.05
224.1809207,928537.5399999999
224.2004678,1375166.8599999999
224.3470245,1908135.9999999993
224.3741384,563578.7899999999
224.3959793,952264.9100000001
224.4017192,1425603.6500000001
224.5620291,1858544.8099999994
224.5894104,619498.28
224.6029706,1369131.4599999995
224.6110379,960115.5599999999
224.7166953,1853660.08
224.7657327,921178.39
224.7909104,1714500.8599999992
224.804222,1518177.71
224.8046825,574955.95
224.8399424,874223.25
224.8651254,1707592.8699999994
224.9141521,905935.2899999998
224.9393405,2099557.14
224.9594902,550373.5700000002
224.9883618,1046816.5900000001
225.0054733,1459396.8399999999
225.0135556,1893541.749999999
225.0336786,550791.3200000001
225.0501013,1436883.9900000005
225.0625714,909989.4500000001
225.0686254,1431426.34
225.0689541,1750179.1199999994
225.107867,574985.3699999999
225.1179914,872288.4600000001
225.1243526,1630854.4
225.1734114,879448.2500000001
225.1797511,1810164.7899999996
225.1820555,677885.99
225.2288314,937232.0899999999
225.2351496,1732132.4299999997
225.2512024,1770555.0699999996
225.2515168,1711037.1600000001
225.2518313,1793863.8599999994
225.2521458,1860680.3299999996
225.2562439,578539.86
225.2644795,1859950.2100000002
225.2842514,920128.89
225.3002908,913922.0099999997
225.3005779,895157.4400000004
225.300865,921161.2
225.3011521,928819.9999999999
225.3068615,1775178.2500000002
225.3117488,542819.0299999999
225.3134743,916918.6999999998
225.3492435,1719993.9300000004
225.3558843,899449.6500000001
225.3672537,550414.99
225.3916254,1872336.44
225.3982943,878298.2199999999
225.4227585,586289.0800000001
225.4340074,1737152.6099999996
225.4407043,936205.5000000001
225.4438827,1776908.6600000006
225.4537579,1661822.9200000004
225.4636332,1819331.3600000003
225.4735085,1780785.2499999998
225.4782634,592572.2999999998
225.4831143,890488.0099999999
225.4930078,888834.0699999998
225.4942498,571463.93
225.4944288,547226.0000000001
225.4946078,583648.5899999999
225.4947868,582525.4199999998
225.5029014,838227.52
225.5070634,564606.1000000001
225.5127949,897076.7300000003
225.5226885,930745.6899999997
225.5495841,562173.12
225.5558664,1816226.0299999993
225.5921049,544770.7000000001
225.6050797,896613.19
225.6346256,578790.3599999999
225.6771463,536537.64
225.6871121,513991.5699999999
225.6925864,1821965.3999999997
225.6970779,495950.99999999994
225.7070437,533887.5399999999
225.7170094,538713.4699999999
225.7418442,936373.6499999998
225.7995323,535153.4700000001
225.8293063,1781711.0800000005
225.8786088,976137.7300000003
225.9364729,572887.78
225.9660263,1712814.1299999994
226.0153733,932160.37
226.0734135,576879.15
226.1122067,1675264.2100000002
226.1615981,883569.3800000001
226.2103541,565812.2899999999
226.3151496,1740525.0699999998
226.3567545,523427.3500000001
226.3645848,857796.4499999997
226.5180926,1617243.7500000005
226.5599138,533756.88
226.5675714,884724.4100000001
226.7210356,1866351.9100000001
226.7630732,516361.06000000023
226.7705581,976436.0200000001
226.9239785,1722769.48
226.9662325,606755.3000000002
226.9688442,1656586.2599999995
226.9735448,927511.9900000001
226.9873637,1606162.1500000004
227.0184166,900309.75
227.0369359,891671.4400000002
227.1693919,558464.8
227.214288,542009.46
227.2328068,549731.4899999999
